scan_page	image_path	size_bytes	sha256
1	source/pages/p_0001.png	129154	14b696b10d17dce61bd917f661c85a82c9bdb75147f62d4fa46973db1c33d092
2	source/pages/p_0002.png	968595	4dd73252d855883b13ec0bba69081a6a8a370c45b6c1cabfbd073993e64e39b4
3	source/pages/p_0003.png	220832	467de38d1f1e1a5738ddefcd5e59fe533a1601a317bd3ab0b6cb882b4c6a2aa4
4	source/pages/p_0004.png	224325	2b474ab708f55ce9345dbd51b83c11715b667b8edc6bd8c45c7b0e8d7ec501e7
5	source/pages/p_0005.png	202752	130db6f9e896eda8f6da3c75c0940dacbf073190d4ac5803b6f24b5bb9153add
6	source/pages/p_0006.png	241713	c6e2fb2f9af5cb7a9a03d1fc0cd0485bfbcd5e378397e9602b77dee337c50ae6
7	source/pages/p_0007.png	488512	1563727990624a3a1572d32e925198edd6aa460a9631c5e1e72116769affd32c
8	source/pages/p_0008.png	645133	ae65dd48af9a1f1ebb06276d4079259cf77ab338cefc911399cedd3838af905f
9	source/pages/p_0009.png	635938	73f23d0aec379014266665f795647f63250911a2ca2ba8bf6a24698b645de262
10	source/pages/p_0010.png	610546	5ed1bb4cc08fde00909f1c75f7d7f912728588f9606c21ad1954dee8110eaa50
11	source/pages/p_0011.png	696649	d9403ffd0ad1046a715487b88843cf4d2d1338446c76f2d61fe6439b6f19ec1b
12	source/pages/p_0012.png	701343	15f02d00573dc5d086e467dd6659aa7ea6e51b438b24cd3b34ca413654b8690a
13	source/pages/p_0013.png	914927	a5042bfb5240a65dcc9deef9bda10d05e89b9378e81edcc79be68e86c066b107
14	source/pages/p_0014.png	1254028	19e63ec493326efcccc137f95df006f48c55c79f616e73cc165321797f873e39
15	source/pages/p_0015.png	1108847	273fa4b0fef09f2e580f3588d705008e2cff711debb060a418a07c66991245d9
16	source/pages/p_0016.png	978657	9fd588353b1770c078d5554dceb666de0e8a45bed4b6c7cca3189662f4a2d813
17	source/pages/p_0017.png	1073385	8379b61002a5ecfb421e61061fb89e120d4b26984e9278bc127c9fe6e1d14331
18	source/pages/p_0018.png	929669	7db8d9bb740391f09313ae2a6f8028befd591c546a338b79269fbf45df5c61e5
19	source/pages/p_0019.png	1173720	fcc0268e536cc253dd5c6b2d31bdd1087daf8f7ff9b4254cce9885019bb5bed1
20	source/pages/p_0020.png	827108	190bee92b43488d73d1824a9ba4b5b9facd9439b9f43599d5557cac0662db21c
21	source/pages/p_0021.png	1239907	4692c6068fa7611d5d658652c251288d187d15cac73a0b6aed3fab1323876ea3
22	source/pages/p_0022.png	1205117	5b7025d1b34bed0003ec8212863f287f1f12ac4bf8cd264e8909f0c7693e940b
23	source/pages/p_0023.png	963006	245840c2a80b3b0eaee054c0af1c4ddb948b4c160ab58d3f4e9fd4937190abda
24	source/pages/p_0024.png	1362810	32e92c50f75a69b71dc160eae114d8f37a748b84bba98dcdd4db50087a001ad0
25	source/pages/p_0025.png	1206282	4e21a76049e1b88c6d430694c8fc4e4f16828afe889ff1d9d6136b4a42ecf7b9
26	source/pages/p_0026.png	1172352	82aeae3de641d16970d28b6b02dd2a3305cf6471bf7f0ae383ca5b5f891354a9
27	source/pages/p_0027.png	1330491	c7fb00b8ac0ef009c9b0b5b2a5f71f2b683564e648687d0caf7a08eaeb5217f5
28	source/pages/p_0028.png	1204200	bd8a00897a9ddd5c74c02f0904de6b5d1974c7c1c5c8c24bb17b893afdb1c804
29	source/pages/p_0029.png	1024276	ea3e1ae6eda62643c962cc072876629fbb88b7fcffc3fc1be5bbcb97e289755d
30	source/pages/p_0030.png	1071012	4e6abc71755b509d750b29bcbdc9e73e5ef6eb4c267e09dbec6697fed76bda91
31	source/pages/p_0031.png	1149966	e2c62626165c553395cf2ee2981033e71b9af0c6dc5e3a93c75a465e62d13707
32	source/pages/p_0032.png	1122166	ec7bc3785b540fb59bd48fd2cfc4ff72a8157eccbc1553dd05cb716df97bb1cd
33	source/pages/p_0033.png	1222310	17d355fe58ff35d49488b70a28e1c5a448d5a66dde424f5666e09953e15480df
34	source/pages/p_0034.png	1240733	1bf5338b5ab1378590562a26c07b0df163fe947e1ef703f02dbb0f41e85ac669
35	source/pages/p_0035.png	1138981	458ad5abf3e6cd705f57def60455bc0fa4ec466132d57f3744d77d1346acf017
36	source/pages/p_0036.png	955607	6a463a4d9c6465c65af17f70a82c5e2ba7f72ab74624f93fd51a957056e3810a
37	source/pages/p_0037.png	1145993	2704e3eeb0daf29cbd4996ed8413a097993b303e07c65c6f980b4104777a5fd2
38	source/pages/p_0038.png	1236843	b198d8b8c5d4ddab341d5b410a072323a4fb1df17d3d14371be55cdde245cd9e
39	source/pages/p_0039.png	1298095	cf61bf82a8c9630bc06faef6d6920e43dc521d3ce1c2621164fa645ac9d397cc
40	source/pages/p_0040.png	1273446	acab1972fae5545b32e6cb4618ca06c88799f14837a25344b78f85ba03b5c31c
41	source/pages/p_0041.png	1055274	9e22e4b53ec72c42f56c264a6af392ad969ccfbb080fbfd3a94562e8397df8a6
42	source/pages/p_0042.png	1105914	da0354c34991ec2b9a67e33ef987d237ba62c93f9d5cb9eb20e9f056d475bc8b
43	source/pages/p_0043.png	1231034	c9884937d11722aa5e44b87418c71050ada11115c4257a1f3a1b901b5c85de26
44	source/pages/p_0044.png	232666	9992a071430787f64fa0ea30b1728a059d931bd4a8f13950a7f20123d2438dc3
45	source/pages/p_0045.png	783024	431616fe6e2231186fb4d10972109c6090d710403be4bcf1803b2e4a5ae593b0
46	source/pages/p_0046.png	1304999	2d1fdd70a075954232a15062d94af813205246dcd9d5bdb4829685b5acba9a8c
47	source/pages/p_0047.png	1192077	3cc89e3cc5846d196b3b0fb563154708cc4b00d319bee57d049469f50c68a5f2
48	source/pages/p_0048.png	1087110	2dfd29e816004b370d54906cc30c59bb3f26960949ae9548a800cd2f27c90235
49	source/pages/p_0049.png	1394916	cfd91cf975b420182c3985a0b543789b445917c25033f800efebec1e0952cbb2
50	source/pages/p_0050.png	1055177	9ed8ece592bebb255b1d8b123cca75ab8af168be597ff02e197ec5e5950eb8b2
51	source/pages/p_0051.png	1061292	83e217fe35cc25cab76631464da0a4e3daf02eb440d6ce37e1cfe36c12ba868b
52	source/pages/p_0052.png	1126009	9ef01bd61305a750f444be79a1710183d1f48a65f601df47a70242a0323269d0
53	source/pages/p_0053.png	1128222	c6faed6e195fffafca721335b2e8d7f734daeb477ede7d5e13a919b28174236b
54	source/pages/p_0054.png	1069225	ce270134a797b9b7c4e3ee4d531dd68d9746de9660b6c044d067e6c30c53a849
55	source/pages/p_0055.png	1282219	efb5479b7c484a63394989688667b15d356d978b84f22bee78c267d7165de950
56	source/pages/p_0056.png	1215734	187aa0716ce412a007bf299ad82acd38cb0e4df4be52d8ce8f24a7c21e5b4514
57	source/pages/p_0057.png	1052164	b1f3009460ef0b1880efa328f612d92361c6ac8a803f5841a519bebea28595de
58	source/pages/p_0058.png	1317563	d30449455c7c4acd3c148eeed156da1d3f033c916ba199b73b6e771afef50c36
59	source/pages/p_0059.png	946989	f607d99470ca7aa4298cac9e2416600d199458f00b4a5d0dd69d2a4aaeafc386
60	source/pages/p_0060.png	818433	6bc3853ca973d9e4b3f33e1659c7d29ccbd29115199218924766bb95993bd70a
61	source/pages/p_0061.png	1045402	6dca6897ddb348124a29eb4337d8984531f34346393730c447a832ffb1477a05
62	source/pages/p_0062.png	1144985	d141631a5993bbdb22ebad78f12c94572f67847515b0a2bf0c245b1ae55d798c
63	source/pages/p_0063.png	1282975	38494fc27aa3470f6ea4656fd4dfa083060acd226235a3e589f7f8c88c0c1dac
64	source/pages/p_0064.png	1189286	3ba9484ef45c257b814b5cf8cf80d0add6c4b45a7ef8b8506b915c0d2da6cf58
65	source/pages/p_0065.png	1352123	ce1091dc85b13310a74da252aa286c5e86ccddf003ddeae7e65db8abc0f6e318
66	source/pages/p_0066.png	1241377	eb42f9575e72468e4c8d53eee68dcc1ada3094a5e2d4cbfaf813caf42fae6182
67	source/pages/p_0067.png	1169691	f51f8e98f07dea4bdbb642888e4c0793714685aeca15a7349c7ae1e4d6ebae65
68	source/pages/p_0068.png	1350324	b319109465d5c3301e9c4653b7113f95aa4f8fb2bfbf3bc8871b86c8fe870585
69	source/pages/p_0069.png	1224529	ca76686aa072debc175611bb3dae349209b98b1d4e2392ff9113dac6c888b6cc
70	source/pages/p_0070.png	1072437	b8979d3c37d3638bf7d5dd445118178e018eceff94f67a747980d18f90ff12f6
71	source/pages/p_0071.png	1298355	3ba9f76922aaeccc9dfe5e0604a8b121c86fd43d59f95804e15b491b9136d2f6
72	source/pages/p_0072.png	1074806	c69956484e590388ab54d0aa7da047ff49bb91510594c1bdf06571b9ebf9bb5e
73	source/pages/p_0073.png	1322405	204d0724b0c4d9664477d73cb9e6a13bfd331a6644e20f826d13ac44ef41e582
74	source/pages/p_0074.png	729540	5675fbdbc4102332e7e2c2ce2812b8e7a33f323c421731248fc63ac96ce204c2
75	source/pages/p_0075.png	1353640	5c4d6098b59de514ce51d4c098abe431f764c18233e18a884a9260513ce74f7d
76	source/pages/p_0076.png	1153753	45a133f828e38c82c8a5a9876bb46e2e5a6eaeb5af54bfde9655dd495a360965
77	source/pages/p_0077.png	1211807	c10b0ba421baf894b4a98218f47126146e8890b0dc7f0e30499fa8ee1c21496b
78	source/pages/p_0078.png	1144341	c33b9097a25af9afb10846bee6b8a32ed2d05d60249e98f02ce0e505472de750
79	source/pages/p_0079.png	1250771	46158c2cf4822f4543bdde4557ed10837cc939bfb084e0777a8f6650b91760a1
80	source/pages/p_0080.png	1178101	7bbda47e68700b5b24ad5d19cdaac5089e6eba75a9703c3f642ee2c49f25209e
81	source/pages/p_0081.png	1214679	66b5af525e5fd229ae98ae172749357306fbbcac3ac4d103ec681ff55a306fb2
82	source/pages/p_0082.png	1102940	0d1265a2ff6a2cf37ce5fcc42d2964977dca7f4868fc17ff2c24e30a2f674651
83	source/pages/p_0083.png	1337352	5a26345db06bfef5b4a8a1d724a11551b4f4bcdb46ef8dfe0ccc66e3c418b91a
84	source/pages/p_0084.png	1238042	eddc3c358a272eb45d304e0afe36275f5e70d9a091f63ff698dc716be3588558
85	source/pages/p_0085.png	1246717	4e9c05bb8e3e578fe9a307da389b7fded97daf007d8bd213c25884af3bc63b56
86	source/pages/p_0086.png	1262220	626e74f2ad5ed6fdebf86178dc347f940d826d16bab498a3e2a49a4e6a902780
87	source/pages/p_0087.png	1247555	b5d299bb7668f198db238f048b0f6db0a0d55e1a625c5e2819baff9555a565e1
88	source/pages/p_0088.png	982262	0ad20b4dacae2720518bd8b5989739d8e438f53df82742d0d92c188c5a1e0d05
89	source/pages/p_0089.png	1161000	2c04f1a2e1ede3faf3ab303580fb58661ee474965a4b7c144abd7fb3accd914e
90	source/pages/p_0090.png	1114050	ab557533de9c6ccbe6974ebf428c6642fe7780d623ddb3483674bc9c8160cfcf
91	source/pages/p_0091.png	1082637	e5ad4a4390e029ac0b14f49f46ad43f6094af80efb9c8a2d70f8c5467857089a
92	source/pages/p_0092.png	1227084	36224fe5a5b022648ba19cd20a3c9937b921fb0c540cfd5343629597f714922b
93	source/pages/p_0093.png	943800	99f9c75605edfce9fcaf3d80f03b0fe1bc31f4a63ad2fa6c84a6e3d31d071c96
94	source/pages/p_0094.png	936887	7f68d952d07b79beaa9fcc43fa1a5da3c0ac0dff3cf8f282ba46722ad5a70f69
95	source/pages/p_0095.png	1304983	c199b07d88d08e81cbff731de6b2d28dc87d89ceffbb234539fffd0650f71eff
96	source/pages/p_0096.png	807215	ad7d3739faaac06ab99208fecaec9643cfecabf6e1017782a01dd98518d7ddd7
97	source/pages/p_0097.png	1129053	d572d64e624d799970ba771ad45d87595f45d8f7760ef4d4f160534ace7fbdd7
98	source/pages/p_0098.png	1332827	aac3adb57d8eb587df99e98270fad741ba07b354b5206ad439a5f9101f786f38
99	source/pages/p_0099.png	1101412	08767ed141724de2bf91cf76af04334494290a6bc5cdaf83d1b6239c0b509583
100	source/pages/p_0100.png	1068831	c563f5f531aaa7fdf79fbd5ebc2554eca0809bf613390785e66c2ab36eddb1aa
101	source/pages/p_0101.png	1321783	52de7209f4a701a6d094df4b482848261a2e0ebd080a3a072054eebf662e8cb0
102	source/pages/p_0102.png	1169163	97a3f1ba74789f3320f93e01fd374ebd52cf49b5337d78c8cb40ef35e8889767
103	source/pages/p_0103.png	1131812	0c439f629b0c98cf69a130f4bcd097b94994862eeb007758998ae9c7c6a6bfaf
104	source/pages/p_0104.png	1308350	d9ff64531af07658c7549b992e33f505367f4093de166d0584e8ea74f50d3cfb
105	source/pages/p_0105.png	1070451	95dcbe12aca6fac0a347011be93df29ee214acf8e68fe91458e8ca1e7ed9dd46
106	source/pages/p_0106.png	1155556	ca8c93c25736771d2d44608450ba5065453375f80ff5ed3d2ed8b92e45adf2db
107	source/pages/p_0107.png	574362	e495969056fcffb2c1fddc0fd34662457ae04b2ddc32824bab8e83b56dd0cb20
108	source/pages/p_0108.png	880000	cc9d5315aff126ed935ed364ecc92fbec39b0692b7ff4aa86d9ee82f9f994718
109	source/pages/p_0109.png	1093525	f16d5e36087c8f895147326660db92fd1d601c448774d1de43fe1a57be379158
110	source/pages/p_0110.png	1289315	e4659b2ed3c1a858c69d23ea95a325657415cd35cc48931e7e49ebc684b32fa6
111	source/pages/p_0111.png	1103820	3536ea835daa0eb04fbe0301706b08c23b0c79e0654a295332b9d2f2625e9558
112	source/pages/p_0112.png	1152173	c989678384f6cecff3ed1646fc845af32537743d0b480459be8cfbe499d26dc1
113	source/pages/p_0113.png	1379479	213fcbaef56e74ea4cfafddd47147daf9931f614ba643d7c4a6423f9f7d6a8bf
114	source/pages/p_0114.png	1236122	86974a196dd0bb37b6de8d83566424463655707ea3b9557e257db40b48d95c57
115	source/pages/p_0115.png	1347038	f212c46e3b61ac4f9760715130bf9a4f6ef7519f763d6bdd6c28cefa8ab5ad17
116	source/pages/p_0116.png	1395601	a2e144ab7183d4bcb25b42a863a775c406de1c15c913e0ca076deedc7ad38b16
117	source/pages/p_0117.png	1256234	b4a18a5382d4cf636fd60d4f70c2cd4460e336971242cc7fc974f6ea4259f50e
118	source/pages/p_0118.png	1375940	c5e0c79df8bc6b609bfec0d8a13ff7ed26c05036cca274046d645d797dab0091
119	source/pages/p_0119.png	1473897	c8a63677964d326c40065a9a5fb2952e1dba371536b974f0e5bdd8c9098993fb
120	source/pages/p_0120.png	1343575	876935a29523145203db6d8e203e47e4ca6ae71e99f0185df9fa9272a35c6746
121	source/pages/p_0121.png	1388802	26428cde732b566448f44c3080166c36f9447b2beb19c31f0ed151337ac3cf66
122	source/pages/p_0122.png	1157672	7078ac66ad75f19f1c873f7bb223345bd805f186f7ba9bdefa58ebef7a2f679a
123	source/pages/p_0123.png	1353907	1e3978ad0212398b8729f5f1230ffec3b6fbeb08ad1563d74000917309c7b23f
124	source/pages/p_0124.png	1457838	feaf0d823e059ccf0bfe2659a893535ce785c49700567d0191f39f14a7db0ed8
125	source/pages/p_0125.png	1376705	cb78ea1d664b8f8748b1225d0ae6ddb11526104ae1ba690ad00fdc5ca18e12bd
126	source/pages/p_0126.png	1210362	3d6ab9e7cdedb3360097b709773d0feffa5abde9b8d641a4c412338cf5eea596
127	source/pages/p_0127.png	1343853	b334a18fe244e2e0376c2bfb1a6aa6be981bd359a91c1116b41a0e680438061f
128	source/pages/p_0128.png	1127992	6cb5ee0b181b95bb64395f03e89e8c880c0d37733e6556eac741ecfdc2dd11c3
129	source/pages/p_0129.png	1245434	4c85258e913a9ed251fb24ab28d92e82a736632ef3f4ef8cfd88b89492e133ce
130	source/pages/p_0130.png	1164191	1e87c6f73671a6ad45a1420667f048ba62ff4454459a73be5ba2782e0e7373fb
131	source/pages/p_0131.png	1381986	65ba953fe384fe470b58fb471eb00dd1261df8ce4efa6f361ebe66340345d3ab
132	source/pages/p_0132.png	1351098	4bd649978252d32fa0b33a749002a90fb2d8f99d19d914d52ece4fb93d806f2b
133	source/pages/p_0133.png	1245065	2a0b61e93dbd76489839df15636b66636ff4a82fde575a0628d8635cad001c9b
134	source/pages/p_0134.png	1278134	ede4d07b5e64dd33d03b5f4850d450f050528c34251b7e4cebf4f5f65a6b6173
135	source/pages/p_0135.png	1280590	c14a113dcf6992f84f10d1faaef0ed2460078f5777bb16a64eaf2cef1eaf2be6
136	source/pages/p_0136.png	1200187	b55995610106e255b89539b903785ad54d62c5bb7000b579855065f20526d398
137	source/pages/p_0137.png	1340920	f78aec43fb3d701e3318a0a27f49fe28c69bcdb8506388f5164f75274414c309
138	source/pages/p_0138.png	1422293	ec4faa74e7bd6b01676eb704f10a3a57f110ddaa9213e4580bb771bfa62a2150
139	source/pages/p_0139.png	1219560	a57597d18aa655338eda95ae77fb201046eb01e9875f5ef11b285a05007607f7
140	source/pages/p_0140.png	996597	249cd489f3707f28b61bfcd66513131de990bddba0882ecab1744fb16203653a
141	source/pages/p_0141.png	1416359	30547eff26ff855100b072a6ebea5b20abe5affe63b0435a797c5717d398f51a
142	source/pages/p_0142.png	1257384	d7ed65b29b9bb1df126f3889defb8c17d2d16ad93cd1e9ed9bfff5376ef5a85d
143	source/pages/p_0143.png	1363275	d7f479c8d2fdca871ce90561604e2a5097d9231d4c802b3b31fc3627ddd073d6
144	source/pages/p_0144.png	1253430	ab47e2947ceb104882d3fda30bb30a16300af47e6fdfdc47ef649a751f07ad21
145	source/pages/p_0145.png	1320482	d5e552a2c9dff98172977dc22487914a66c579895dc98fef7e19d396f7e0aca2
146	source/pages/p_0146.png	1163898	1bc8429baa6f16fb436a5d72750055f0ddc5d9457146d844c495272d834e0340
147	source/pages/p_0147.png	1303699	2f164c5c56271dccd98294f272660b7ac6751f1bf4f140dc30ea47ac62cb47ad
148	source/pages/p_0148.png	1451322	c502ba06e79fc6263636839910d26616b2831a1bf639496a806f655906fe358c
149	source/pages/p_0149.png	1319838	e740cb05524f6a2d2b20df3b1a19e7d49f09d581def7229f405af4a417adf1d6
150	source/pages/p_0150.png	346122	e370f56df3efbf80b1b42e5ad7a50410a4be6a3055db1a9485386beb1724de69
151	source/pages/p_0151.png	968225	33a2cb00d5a50f3e4e25b67c2d3f94ef2f87789435ea0cfcb419be890018ff64
152	source/pages/p_0152.png	1170826	6d10425036c4e272c119b4f77defcbecf86baebb1693a15bb8190021b95afb59
153	source/pages/p_0153.png	1366945	85ab1623e41ae8c0e47b22a01925811ceade5c2b78e306f4ae8d25b2a5ce7bb8
154	source/pages/p_0154.png	1017459	fa289ec29face803035290168c1f5711bfdb20ed4a576985e59dc45786dbb651
155	source/pages/p_0155.png	1295371	419ba986b72d1d8a84f31850be39e00806e5d1fedc228db1c8b376b8b5a508ca
156	source/pages/p_0156.png	1001900	bb4426c3a5735363ab613e5dda58b426320402aaa2f30d13af7c52dbecc03f5a
157	source/pages/p_0157.png	1300115	37bb1183c9b118d186969d0cedd1c38993bbd3b7f751c322332b3690d21c6138
158	source/pages/p_0158.png	1270982	235d588f53f9545f52b8e6f7b3a01232233345b1217c31978e23ced9eddbbf67
159	source/pages/p_0159.png	1486157	2cc8b50dc697778d6279a28806c1042d614c7ac415c02df62de28e34070ecef3
160	source/pages/p_0160.png	1232371	688d826c9d5d51c8c8217a0925589f950125cddd57e3e1e7b55917df05176dfb
161	source/pages/p_0161.png	1174879	13b29e5f8031104ee4ba6541100594bd713f79a510919bc967885dc8a3b0c887
162	source/pages/p_0162.png	1201149	c566a98ec1bfdbf79caf736d39c7766b09698c660ceb0678d4842fd798284617
163	source/pages/p_0163.png	1294030	8d58230cb965dddbfa7b66e5bb73259944426776ea1913fe6443e0cca3b24caf
164	source/pages/p_0164.png	1397158	2d937748c9fe714a0152135ee2f587c59680a549229b8a965af83612e45b8ee1
165	source/pages/p_0165.png	1171771	d189e90810debbb0cda0241b70794c968723f32b0cd2bd2a773769362e45b13d
166	source/pages/p_0166.png	1159255	772935515901630809e8ae5d90acbaf64280e97fcce83c7b73e675e571c0d737
167	source/pages/p_0167.png	1276411	4408d137edef2a93b3e49d3a61b13c166a4b3d9a8da52e57954537613eecebf6
168	source/pages/p_0168.png	1265859	efb1bf921e4285f710f61aaa58cc127eebd9b8bfd46e7316e5505945cd5d3390
169	source/pages/p_0169.png	1136438	f47d240fb9537525ded6debd710995b6e6881b6f58725f932c1e124bb0c10f3c
170	source/pages/p_0170.png	1180435	657ee77f6f92313a23ecf8ed6996182d831ebc22f1f76fbb0794737b0d441a54
171	source/pages/p_0171.png	1136990	81aab21ef41b9bb31a366cb90db3969e9ee175212367fc99d74abf7866b5a12e
172	source/pages/p_0172.png	1070577	6f8192280755240e47ffa7b95dbf5fc436bb327a4e8aabd85991cb8b6e933671
173	source/pages/p_0173.png	335646	e62975484957f349d7262eb70ac9934aac0214ceb9bea01350262b60e0dde598
174	source/pages/p_0174.png	896903	585e42ceeb941330978769acbdf699bcb9cf29fac5f8035bff173d40ccd4d3d5
175	source/pages/p_0175.png	1260146	06ddeaabb89553570de1fc156f999c94f08a3b6b6118dd2909395712e15f3113
176	source/pages/p_0176.png	1149421	adf778a125dbfa4e84671592a002e7f527a6fa0509109d37252ef8311dcb9802
177	source/pages/p_0177.png	1172099	4e5984e1b9a9c3f99232471fcc242104e6dd1d41cf64201c435452215ee09e24
178	source/pages/p_0178.png	897096	d06dcb58519ffd573b3535cdb50dc80cbd8ef180ebd52b5fc84a9e0daa75a080
179	source/pages/p_0179.png	1141559	4820776aa02cdd16a6aa47da457ff492ea6979cdc8281d61d12d6b7bb4bb7cd3
180	source/pages/p_0180.png	1250073	d8a48249b0e311f441ba0e3d3a136da7e4ddc101dc86feb911f92e45110e9123
181	source/pages/p_0181.png	1106093	e5e68377d47c59f50ad45fb9663449010a90630197087b1494742149021b3f13
182	source/pages/p_0182.png	1034059	c9943235207f10eca37fbc46dc318c80fc71dab0ec839d35580873b33f15a41d
183	source/pages/p_0183.png	1397786	060b467fbbf089c2ddacb48ff45060e536dc15abf4532f39c3bd40e731257f7d
184	source/pages/p_0184.png	1214251	07da635a92f79daa69e7ee9197246f1527298433357b1e136beaf4ec472d8ddb
185	source/pages/p_0185.png	1168339	595d7d435dd3289e741fb32a3af5a0ba89c6f77890d1dc528b2feba4e61a7215
186	source/pages/p_0186.png	1082453	5170c451fa5276809829bf59092d741075f7da55cc763a5ac10346e0d023d393
187	source/pages/p_0187.png	495505	086900b0c2db807e930a271f61f076d77635950c931da2cd5dca1e4ca581cb09
188	source/pages/p_0188.png	775512	ee99939eb5f76437a03990858929ce9e58e41ad4eae07fdb4f9377ca4d247bdc
189	source/pages/p_0189.png	1146211	4d1ecd80d7d66d817ea58752c039dff06d34f41483a8f78a67394a9d52bf0d7a
190	source/pages/p_0190.png	1339600	978ecf6919d4cab0b6c8a0f413d2a5bae5c306f45c309d5cca065645fcc9a672
191	source/pages/p_0191.png	1242497	85e28dc4e22e6d266ba37327738f67dd278f777db16f68db232bc66723adefea
192	source/pages/p_0192.png	1170807	4d90cd06b020e6e015dc3cbece3b4f0e5b90f27759719797db19f53e6f957fac
193	source/pages/p_0193.png	616199	3c63e6992fa9629a015b5fb1cd2d2763fe7dcdac1076f266d191ecbf172ac9b3
194	source/pages/p_0194.png	794594	654714bec40eb536019a3c0a423edf3c5bd330c0bc05f07273c49231c56ca803
195	source/pages/p_0195.png	1045804	6613088744940cd4c121154a288a60f13174fd5376ddf818189e0717e8a07981
196	source/pages/p_0196.png	1204626	33fd74912e14b6d752f9e4bc5f07460792de9746bd4cb0c77195aafeea8d76e4
197	source/pages/p_0197.png	1223886	e96223325eabb00bc8549107738aab762105cb16d0c09b49dfc9d65702efadf9
198	source/pages/p_0198.png	1098948	648ff0e95c0e4066c8433b46c75f1340566acf5a31c3ad0a49656d92e164fd73
199	source/pages/p_0199.png	872118	62b66685b08447c5f083b1155cf45682aa1219a9d461b14d8b8472d99f81f3fb
200	source/pages/p_0200.png	109825	69e55c4665b12f57d62e3f51684279a9a6483fcd0a928c70cabca0f449abdbc0
201	source/pages/p_0201.png	615284	c82e0a18f1d073ec04ac2455487b0fa62ff55c03dd122cb2fd636ca32f56a771
202	source/pages/p_0202.png	1132268	c342c27a29205e199103c458c598980c6499ce038f30a4e59f7b1fffda5820ef
203	source/pages/p_0203.png	446876	ca51be930be4d3d7cfbdfd08362eb33beeaa697089365885d30f525ac4849519
204	source/pages/p_0204.png	592119	f719090f27e4b0ffcaf5fa25ac04fbfb2af47dea3930ed0ba361a3916b9a3845
205	source/pages/p_0205.png	348405	d3c6c9e44a6bdc07e7438d3f8dc2bde6d9327d6d7bfc8db5b92fcc219907ef7e
206	source/pages/p_0206.png	490149	27be07571baae8f86e2424e83c1a7b0d08c1831e1c0a7aabafa9322472ca6fbf
207	source/pages/p_0207.png	884975	c71ab36ec49802fab18327b942997affa7896ead7ab26adfe59875f564a2959c
208	source/pages/p_0208.png	348645	59ca3ef6defbd9ae03347ac8afb94a89b6451c803912785253a672730c7cf33e
209	source/pages/p_0209.png	4118134	2e9edc69c9a4dc6b9ef189538cbbf14f1485e98f54f0607f6bb9c6c829940394
210	source/pages/p_0210.png	903055	36e74edf97a9fbd504f7c29a93a57ae4389d3654cae474956d7e92887af06502
211	source/pages/p_0211.png	2064011	d0017ffc63c4b088c2f02acd55baa274cb92eede8c4abf8ff233a506ea134fc7
212	source/pages/p_0212.png	557856	d79f80f64837fd5bd99439f1c2ca3d79d62cbd36faf3a83c100e748ed4c33113
213	source/pages/p_0213.png	1468830	e0e6b544f7d186af919c1bb7bc19d0888d76f975422a697721f3f17a422f1ac1
214	source/pages/p_0214.png	719020	4b8ac46694f5029baadcc95ba927566f5afb6cf7803e20943a1267f49d2c0791
215	source/pages/p_0215.png	6673403	18c2762b2967039f0c2726cdc71afcf84f3d692eea571d34e1bc1d0a6f2d9344
216	source/pages/p_0216.png	1239495	99695dba1b7424b1637517568a919f0795d2fd1d80da8d26ae81140611f00468
217	source/pages/p_0217.png	4765078	484a0e5a909b3220f0804484b1148207aa47918ae983d19e80d93dd5e18bb807
218	source/pages/p_0218.png	770272	bcb63489194b05d703340e148c94cff7b144c6a4719396d79dc9ae0a7648a8d6
219	source/pages/p_0219.png	5411237	b67063c0eb287c880287bd7ac2e8fe38959425f81b9edf07cb9db5bee7a2aff4
220	source/pages/p_0220.png	1617991	830113968027e23facba3dd88b7f9c37d4cdff799f920e97c94c820cb4731dc8
221	source/pages/p_0221.png	818987	8cd6fc807fc4bdd3d66ad733e3b6dd50f1b5fe41c35cd69a2f87559dbed97a56
222	source/pages/p_0222.png	649801	e40eedde352a1b56d50477a543e3ef14504dc41c2b9371f17ac5ea99c9eac45d
223	source/pages/p_0223.png	642607	31f03de0552fc3f7ac8a9c1f8c66227b5e8252e2a04290955a90fb5c8a2e333b
224	source/pages/p_0224.png	561762	9f699cd58b1a9d4b1bc3bae1573d004446d5d4b1460bf84f155e69030306475d
225	source/pages/p_0225.png	434110	229111bff6f5bf9cdbf404a30fb580887385e8305c0fc62eb36543eccf57d63c
226	source/pages/p_0226.png	424702	db638400ff6643bf3abb6145dd83972c1b0cc57d5c22d141e4fa262e36fc7194
227	source/pages/p_0227.png	649040	b41c9fe6e5fb420131e7d612f1d8d124c1c46fadc56bfa834b70417fc0c22710
228	source/pages/p_0228.png	505278	398e600ddeb067bf55edb15ac79718441dd1de6d41ca7ce7108f809bc6cebb8e
229	source/pages/p_0229.png	562681	4bb98cef024345d33244660822d4d176750b598fef75cce98a9e3733ae7d5f99
230	source/pages/p_0230.png	127119	47b6429c012780cd0a606151ecf5c5c185cd41109b6a48ece4e71d9b444eccb8
231	source/pages/p_0231.png	367237	7816ab74aa1fe6a554c4a8e644f1c376386d82272d1a47180ea411b48008a3c6
232	source/pages/p_0232.png	1063971	e4b9b586245a39983555a67a7fd404312eff988ed3d4eafa91a7a1ee00da5816
233	source/pages/p_0233.png	768346	e75f327436525521fec0370feaa7fb3df0d0c904ec00174d143bf816f231f9aa
234	source/pages/p_0234.png	490430	65a07f2433f01f70b0915cc2569d3801a7c8f85baef2878eed4a5e8f025611c3
235	source/pages/p_0235.png	561549	f5f5df253293cbca78a1eb1706ca11423c9092c8a5b106f7ce0351459f3a8628
236	source/pages/p_0236.png	647424	2a5a6fdeff3247bebd90ce99376e280b2f12f33f46fa31c0a7e16c14bcf4a1d9
237	source/pages/p_0237.png	347695	77f15702b99b7f9f56808dbfc2ce2be981f8ceddcf0f49fdd2fafb2b2074bed8
238	source/pages/p_0238.png	656862	332394413bac07fa62de28cb8c9afe47d2081b5b0da4063e9d51319ba0abc92e
239	source/pages/p_0239.png	622234	9c36b05f1c931074607dd573d35a2a154820ef416389d0f09325cba6a140642c
240	source/pages/p_0240.png	603765	8c069ebd8d5e2ad97f4404359d92ed94e171c98a04d2c8dda3790efe8ff92123
241	source/pages/p_0241.png	672628	b8cfd996d7eea0ebca57798655c7bd8f3b407ae7bcec8f2a7e93ea056bbd1065
242	source/pages/p_0242.png	441286	3f6540ff2abab3f950cfde357944ba23444d8dd486fbf3cfe3abd5476b469693
243	source/pages/p_0243.png	669845	744ac623d814f548e37891ceeb505109a634c86cd6297a06f234c191073eddba
244	source/pages/p_0244.png	603000	fdf614b7758daf6e9d3e29b8838be7a7f277e33317c830e0ed06eb1148b77e1f
245	source/pages/p_0245.png	599991	174eb1246d80063a17cdca8d6613514604c3fd6dfd14c34429af8ef9f726404b
246	source/pages/p_0246.png	492115	f5a97284b05aee053478ba58d66277f6eccd060d4c40faf6f889912fb7b45979
247	source/pages/p_0247.png	522400	4855d9aa4e2fb71c54efe562f0941a6a5b631da2805dadd0227030e62a62f924
248	source/pages/p_0248.png	1032174	36213c79a74ab4a5e4d6b6e875841eefbd4d526ea399e897ce9894beb5de3bfa
249	source/pages/p_0249.png	519983	61823adce5f588c3a0c595aba80ada0f94e31912a0644dd5c021eb269f547a56
250	source/pages/p_0250.png	630544	0ba381ed8fb79f7a51705e7ff9ddecd1eeb739e8dbc0c9a0c22c0023946d57e5
251	source/pages/p_0251.png	539443	2ed33abb2c85ca2aab26d53d5a1923d0218d9093cf023efebdfb9426aebac3fb
252	source/pages/p_0252.png	518889	5ec2609bb6441410a60ba9498b81909edeb90e3f3629289ee54f94497a92b41c
253	source/pages/p_0253.png	685236	ce541ba09efb96a1e9d598b6cbb0e904a524cfac655badf8851ba42db96ec416
254	source/pages/p_0254.png	1173934	126d4d747a89a0634140a8d07f5122611d0deb415d427e598cda539527ce01fa
255	source/pages/p_0255.png	789213	c36497a84b23485cd62326ba9aa1bf181edef6ab382019b17e013fceab66dc0a
256	source/pages/p_0256.png	643431	5a107aa9c200e1345d1031db5fa7ff99f03626608cd5d17f94f224fa686343d1
257	source/pages/p_0257.png	322499	5394ef602f532acdf81c0af7a4cfca0856e85647a4cd46f0b1842fd65928b432
258	source/pages/p_0258.png	372995	72b1b4b7a14e6b9c7e4e79e05135c8c3336b456c53f6b55d62870a1cc27549eb
259	source/pages/p_0259.png	301067	b70a9268b2a4ce3fbe502d6fb5eeaa3e5b9bf4a04c0f9e85b642e2b84ccc2ee7
260	source/pages/p_0260.png	332642	a5f667fc78669c030e963d3daa833d32426556e1f80b4004a135e4d178e3525d
261	source/pages/p_0261.png	301214	e795e2705ddc77f9583969304be72dc9d4878f91224c038c0e40363920e97f77
262	source/pages/p_0262.png	524876	463369d7347fa0473fef89fb824af7e4c68eafdf3cfd45d47d6bdce30f0400c5
263	source/pages/p_0263.png	436225	6f94bc734205cb1a5aecd3e695d0ef2b025ffebe31fbc8282964c97e4eff1f11
264	source/pages/p_0264.png	484822	d05089d3a2360868dd6ff09eebe89622d548b0230c181516e89d3b2ceb6b027e
265	source/pages/p_0265.png	428294	e3ecedd9c72fe3d8b5d6f6b97b216c484a56da336cae54bbe1221f6c40f09f02
266	source/pages/p_0266.png	1012050	f2203734b62aa7ff14c59c83dd04362e0cd17b752089a0844912eabb7870f9a5
267	source/pages/p_0267.png	294343	0700d3bd3944e0ea83bf4082c72a8452849f7dcaf8ab654b1876d9ba07b99af8
268	source/pages/p_0268.png	552262	97893405b62314209341c50528b671ec0365c0765b1ea2d94bb303321b5fbdd5
269	source/pages/p_0269.png	703007	71d11799ccbe639eb20918e3d48dabb2957614cb5e7fb965ad6532c5ce4b5b2a
270	source/pages/p_0270.png	699333	10b95c75f943ae601ec7b5a1c73457f270f1988e2ca2e63bb3371f53bb7bdd14
271	source/pages/p_0271.png	449261	43329391a02256c5dff1fafc7958d32d59dbe20d145566c7680bd25c63f318bc
272	source/pages/p_0272.png	649193	47fa27837467a7ff366101fd4e21ba35656edb3240d111c2322c40f674983cab
273	source/pages/p_0273.png	419087	9aae65edc692727d1f9abb2c1fcbda6b2ef174751aa3647d0e4fabf8e86f0963
274	source/pages/p_0274.png	615219	cef155a286fedd3ccd3aadc524d0de5282ea9f7c44b20c12013dd51093724154
275	source/pages/p_0275.png	834145	abfbac1d5692ce6210d0a231c2c3633f37de0de7aa2c946843435b5d2aa3c7b4
276	source/pages/p_0276.png	1084794	f9472590ab1c5eb49c17a8e094a1220b1fcfb987d63a9bdb96864ed4794fb1d7
277	source/pages/p_0277.png	700203	f762f4accfc5a746e3946c52ab7e96cff5ee44ba787d27452b27591c6678cafc
278	source/pages/p_0278.png	739522	9aea914b60cd254513d0d2ece4c4f3194622f04b669ba89a2f627f0345a14e34
279	source/pages/p_0279.png	855370	7f6135fefc762d68898df871f1967cdd205b0334cbee5a83921dd03f1d667273
280	source/pages/p_0280.png	942837	d24053a1041dfa75c2816c1229e2562832a1f2b2b21f44d8c390e3e7ba8df9a4
281	source/pages/p_0281.png	904941	3c30010b0d2736ba4e6a2422d607340a61b769f8486e5096bd641f2cdb307592
282	source/pages/p_0282.png	983651	adeff1f5b19b62615c69278e8195e7dd6bd65f78e7125f7df46a4e63d7a3cd3e
283	source/pages/p_0283.png	895661	05eca5f740352af60aca9bab41ef0b58ef3340855db65d64ea4f68ab1f33cbd2
284	source/pages/p_0284.png	816406	b534597d361a908972c624436203455bd181c5e13b234846f529f34c6a64d923
285	source/pages/p_0285.png	894354	966828239c826280f0d1b3dfc363278d73e84e8ab487ee6ed6047a1063cf8133
286	source/pages/p_0286.png	1077765	22e3dd652d109d62f2a012a6aef9f718c206a0bf5228cbd9baa25c8021a417b2
287	source/pages/p_0287.png	886650	200e04b3a891e08847b49566d8470a56e212ff3f31edc0784b10798f50af4563
288	source/pages/p_0288.png	1062237	c7fdb03fe17e5a5986b017d209c51ae6b8fb5c33bb651ec174cafcfe617b0297
289	source/pages/p_0289.png	839431	343b3c4f20470a7c690be42c44f569226c9c95cde66f19257c9eb2b6f2f28987
290	source/pages/p_0290.png	930587	57e837e9f49071b47eb81aae821a31543a497b4eb37920e0a5e2b9fadbb9872c
291	source/pages/p_0291.png	872139	c5122510c8d4e843d629b7672c3d61c65362c0ebbbf7b4e171792a3dc9bd3a30
292	source/pages/p_0292.png	835179	f69524dd0683abde6c44a974cf4bf0c888b166561701458ef02c8ad1ead1c26c
293	source/pages/p_0293.png	868790	bf20327be277ccd541e70672ba35b91344e756c8805b3395e304ef840584c7ff
294	source/pages/p_0294.png	935699	6fdfec009e994ee8f2adfebb360845d0fb9dee033ec1f18c191c5bf6579102ce
295	source/pages/p_0295.png	860327	912eae5038b915eeba8a5298414a4e1840e33bae0bb3d02a3ab3f58eb79ae874
296	source/pages/p_0296.png	987196	6ff1f7970dea1d8164348cf66bd084e45f94c84967600ce89f2429b8cada38b8
297	source/pages/p_0297.png	838585	2ca5b50eb70cc0ef51efac68fe26ae0df09399286103618ec881d2d3f9c33203
298	source/pages/p_0298.png	1152884	3729922d8312bfd5c781e8e41c3385378fb9dc9a29b8e0ab5e14c81f97c32b48
299	source/pages/p_0299.png	746334	20eedda2df9cfd2a037d7015727826367fafca499d08497e6c942c565bf0c36f
300	source/pages/p_0300.png	1135513	4e1d15ef8d113ccfe910f84a6cb68290999c8685d2c7292c45d83e3fa868c83c
301	source/pages/p_0301.png	765942	aac41a9ba2947535f611a71d5bf671c8ef35423a672f1c47f6e5a34de1022f80
302	source/pages/p_0302.png	629169	8ba2a02a03db34d00bc0a5347406f8a2a984e1e5d0f8d7a4ec21c8f1751a8f4d
303	source/pages/p_0303.png	556382	d5e8dacb1fe8107d8c74f94eebea309101f58b3edd86a75761e1cb7083e06335
304	source/pages/p_0304.png	863919	b8a0d4f56db5d4bbd4e7988fcf6d9461692e5e13e635ba9e85a32275a97c06a3
305	source/pages/p_0305.png	657572	25b4b584fd6d2a185afdf026fd27517d97aa38623daae638b12b0088d3f6e7c9
306	source/pages/p_0306.png	940140	e8b1bb0bc079a234f180506921e2e9de2bfd5cb456ca53c4edd0aa8991e7058c
307	source/pages/p_0307.png	669873	dde943b7cc541f6570e79655760684405ebd0e2d57e9fa00f137758b8aaf7f2b
308	source/pages/p_0308.png	964158	433e712dd317caef815f46347ac685c7776212dccd7b4c2f88b531d7b1ca9856
309	source/pages/p_0309.png	627762	a7cd0b8bc5e488a1aaab12d6f02de01344ad9e1440a4e8f5d5e474adf6309aa0
310	source/pages/p_0310.png	1077675	3f55b70ffb3e6be05dc1db51f9b1f2dffee37bfe188920ee3f753de3b0597d40
311	source/pages/p_0311.png	323744	fa891f29195d9218c4960497fe2f52e7f0a9019bae0c1dbd257a834b31c08ce7
312	source/pages/p_0312.png	1151262	045a4c1666cdd04c49820c9078ed869763f2b09dd6576a7c5b71cb8571db3e17
313	source/pages/p_0313.png	1546300	60108bc52baac17d707065bc35c105f0a902f5ff40b88de92f6c7754a13a7de5
314	source/pages/p_0314.png	1393164	fdc774a3385b884936f921a76afc4ee16c7f686d8617a596e51ec4fbc46f7615
315	source/pages/p_0315.png	1548915	1c0d263307d5bcd058dff0dbdd6f0893cf2c09a7e4045de74ea60f8841182168
316	source/pages/p_0316.png	1389892	e1fa23c89e28c8a12d088883e1586941bc4a6a6122832a1adb90477d465ecfd1
317	source/pages/p_0317.png	1470122	e338d7c7e8c0acab6625f12fff3819fa11ccf239d8d838d593bd02b87ca63cdb
318	source/pages/p_0318.png	1254697	6e5bef59932f30f60c616de3ff6612d168afae22f6c4ef9495c462a8d7267502
319	source/pages/p_0319.png	1484082	6b85e236a15c606ad237d3032f8836476fd1a94378d83d5a3ce1f8f0d5bcaf57
320	source/pages/p_0320.png	1386678	29f0257aecc2d4a375d7af40549fc84a4730a3c1f197b56463c9a911be49b483
321	source/pages/p_0321.png	1578812	0fb6786ca9cc1f61408fea3c24a694cee63aacecd50725f3cb7c01b6de3acff1
322	source/pages/p_0322.png	1408727	3ebcd6ca62993a878f9055c81c345b801f6faeb1e19fd7f5f5785030d20d79f2
323	source/pages/p_0323.png	1428009	8b989561a0aca2950a41b90c0395f651678dbf6940eb943519c2c23b0093c92c
324	source/pages/p_0324.png	1353830	1b523749c18c767b41a9c66e65f44f3eb7e600f871fd846fdc2c74c5496cbe30
325	source/pages/p_0325.png	1446566	9668c3a3a243851851c63b75dde97d94969c38b85235e9f01087324b9142bef8
326	source/pages/p_0326.png	594856	58ba7c894f031f4936128796eb4aa9b993f79d4b745e33a04fbfbd9cec263755
