scan_page	chunk_chars	non_space_chars	status
1	30	24	ok
2	36	31	ok
3	139	114	ok
4	410	350	ok
5	214	181	ok
6	263	212	ok
7	1041	863	ok
8	1404	1181	ok
9	1561	1328	ok
10	1691	1422	ok
11	2025	1713	ok
12	1507	1302	ok
13	2942	2445	ok
14	4011	3313	ok
15	3562	2982	ok
16	2843	2370	ok
17	3301	2744	ok
18	2827	2316	ok
19	4074	3359	ok
20	2589	2178	ok
21	4374	3668	ok
22	4237	3550	ok
23	3001	2520	ok
24	4925	4089	ok
25	4224	3534	ok
26	3979	3310	ok
27	4803	3987	ok
28	4557	3785	ok
29	3584	2978	ok
30	3927	3237	ok
31	4228	3502	ok
32	3811	3161	ok
33	4469	3695	ok
34	4432	3678	ok
35	4018	3349	ok
36	3118	2586	ok
37	3768	3112	ok
38	4142	3428	ok
39	4691	3880	ok
40	4420	3650	ok
41	3558	2942	ok
42	3613	2981	ok
43	4419	3680	ok
44	296	245	ok
45	2406	2010	ok
46	4646	3846	ok
47	4249	3555	ok
48	3451	2866	ok
49	4700	3905	ok
50	3421	2863	ok
51	3170	2645	ok
52	3588	3002	ok
53	3799	3142	ok
54	3608	2986	ok
55	4739	3944	ok
56	4427	3647	ok
57	3339	2793	ok
58	4582	3832	ok
59	2686	2252	ok
60	2548	2131	ok
61	3343	2807	ok
62	4051	3371	ok
63	4280	3576	ok
64	4009	3351	ok
65	4600	3823	ok
66	4510	3761	ok
67	3847	3182	ok
68	5267	4363	ok
69	4136	3401	ok
70	3587	2976	ok
71	4072	3374	ok
72	3706	3078	ok
73	4261	3529	ok
74	2256	1899	ok
75	4585	3834	ok
76	3915	3294	ok
77	3463	2916	ok
78	3595	3004	ok
79	3776	3173	ok
80	3549	3022	ok
81	3265	2749	ok
82	3690	3099	ok
83	4694	3927	ok
84	4397	3665	ok
85	4176	3493	ok
86	4020	3339	ok
87	3773	3167	ok
88	3241	2672	ok
89	3686	3027	ok
90	3809	3146	ok
91	3413	2821	ok
92	3931	3262	ok
93	3032	2528	ok
94	2771	2298	ok
95	4310	3572	ok
96	2670	2203	ok
97	3665	3041	ok
98	4580	3786	ok
99	3176	2649	ok
100	3398	2800	ok
101	4303	3547	ok
102	4065	3397	ok
103	3237	2660	ok
104	4108	3420	ok
105	2764	2309	ok
106	3260	2711	ok
107	1164	965	ok
108	2378	1973	ok
109	3359	2796	ok
110	4114	3390	ok
111	3272	2770	ok
112	3669	3063	ok
113	4227	3528	ok
114	3677	3030	ok
115	4244	3522	ok
116	4661	3853	ok
117	3695	3067	ok
118	4310	3588	ok
119	4850	4023	ok
120	4402	3620	ok
121	3892	3260	ok
122	3557	2946	ok
123	4002	3329	ok
124	4935	4088	ok
125	4155	3477	ok
126	3893	3223	ok
127	4171	3436	ok
128	3458	2878	ok
129	4021	3327	ok
130	3663	3042	ok
131	4348	3593	ok
132	4665	3872	ok
133	3652	3039	ok
134	4162	3522	ok
135	3966	3331	ok
136	3998	3329	ok
137	4091	3425	ok
138	4855	4028	ok
139	3388	2848	ok
140	2921	2447	ok
141	4365	3644	ok
142	4511	3769	ok
143	4306	3589	ok
144	4236	3508	ok
145	3930	3268	ok
146	3797	3138	ok
147	3949	3267	ok
148	5104	4277	ok
149	3915	3264	ok
150	872	724	ok
151	2722	2287	ok
152	3709	3106	ok
153	3760	3162	ok
154	3064	2551	ok
155	3745	3135	ok
156	2944	2448	ok
157	3770	3137	ok
158	4451	3722	ok
159	5210	4355	ok
160	4251	3552	ok
161	3531	2949	ok
162	3690	3103	ok
163	4221	3526	ok
164	4901	4101	ok
165	3414	2862	ok
166	3556	2943	ok
167	3947	3315	ok
168	4259	3561	ok
169	3032	2559	ok
170	3658	3046	ok
171	3404	2855	ok
172	3429	2848	ok
173	468	385	ok
174	2584	2190	ok
175	3784	3188	ok
176	4032	3399	ok
177	3390	2866	ok
178	2765	2296	ok
179	3710	3083	ok
180	4176	3497	ok
181	3374	2823	ok
182	3286	2733	ok
183	4756	3960	ok
184	4293	3519	ok
185	4020	3310	ok
186	3717	3085	ok
187	1368	1110	ok
188	2496	2071	ok
189	3754	3126	ok
190	4813	3991	ok
191	4193	3485	ok
192	4275	3516	ok
193	1687	1395	ok
194	2319	1943	ok
195	3225	2703	ok
196	4161	3468	ok
197	4127	3401	ok
198	3652	3044	ok
199	2911	2414	ok
200	21	14	ok
201	736	630	ok
202	160	136	ok
203	115	94	ok
204	326	268	ok
205	145	123	ok
206	452	381	ok
207	282	233	ok
208	607	508	ok
209	79	66	ok
210	147	122	ok
211	700	585	ok
212	123	100	ok
213	74	62	ok
214	173	139	ok
215	114	92	ok
216	103	82	ok
217	68	56	ok
218	155	126	ok
219	75	59	ok
220	142	119	ok
221	1375	1174	ok
222	1172	968	ok
223	152	121	ok
224	561	481	ok
225	183	145	ok
226	272	208	ok
227	355	288	ok
228	347	283	ok
229	1008	841	ok
230	33	21	ok
231	622	470	ok
232	4160	3408	ok
233	3404	2808	ok
234	1270	1091	ok
235	1619	1292	ok
236	1823	1458	ok
237	790	634	ok
238	1930	1508	ok
239	2027	1581	ok
240	1806	1428	ok
241	2109	1733	ok
242	663	525	ok
243	2510	2082	ok
244	1665	1417	ok
245	1868	1582	ok
246	536	362	ok
247	1516	1250	ok
248	3619	3036	ok
249	1487	1221	ok
250	1146	896	ok
251	1103	879	ok
252	958	769	ok
253	2265	1857	ok
254	5385	4395	ok
255	3095	2540	ok
256	1799	1489	ok
257	696	593	ok
258	854	685	ok
259	694	584	ok
260	553	467	ok
261	542	458	ok
262	721	556	ok
263	429	287	ok
264	371	261	ok
265	381	260	ok
266	5078	4194	ok
267	633	511	ok
268	1701	1362	ok
269	2385	1947	ok
270	2142	1785	ok
271	1216	983	ok
272	1555	1271	ok
273	1468	1224	ok
274	2070	1685	ok
275	2240	1938	ok
276	2954	2548	ok
277	1965	1696	ok
278	2100	1794	ok
279	2856	2429	ok
280	2647	2267	ok
281	2567	2231	ok
282	2558	2221	ok
283	2604	2245	ok
284	2453	2097	ok
285	2534	2167	ok
286	2421	2092	ok
287	2295	1940	ok
288	2491	2177	ok
289	2658	2265	ok
290	2375	2036	ok
291	2339	2026	ok
292	2158	1838	ok
293	2776	2363	ok
294	2453	2064	ok
295	2337	1988	ok
296	2402	2041	ok
297	2343	2004	ok
298	2707	2308	ok
299	2344	1988	ok
300	2458	2107	ok
301	2117	1821	ok
302	997	849	ok
303	2082	1702	ok
304	2326	1900	ok
305	2763	2272	ok
306	2613	2131	ok
307	2919	2407	ok
308	3117	2548	ok
309	2425	1956	ok
310	3210	2593	ok
311	1096	907	ok
312	6045	5021	ok
313	7007	5825	ok
314	7157	5962	ok
315	7325	6066	ok
316	7266	6014	ok
317	7264	5982	ok
318	6773	5586	ok
319	7009	5822	ok
320	7365	6043	ok
321	7596	6316	ok
322	7852	6470	ok
323	6706	5527	ok
324	7188	5881	ok
325	6926	5729	ok
326	3071	2527	ok
